"USER AGENT","SUM Since 17-05-2012",Type,"UA Family","UA Name","UA Version","UA URL","UA Company","UA Company URL","UA Icon","OS Family","OS Name","OS URL","OS Company","OS URL","OS Icon","Device Type","Device Icon","Device Info URL"
"BlackBerry9630fts/4.7.1.31 Profile/MIDP-2.0 Configuration/CLDC-1.1 VendorID/104/GomezAgent",3960,"Mobile Browser","BlackBerry Browser","BlackBerry Browser",unknown,http://www.blackberry.com/,"Research In Motion Limited",http://www.rim.com/,blackberry.png,"BlackBerry OS","BlackBerry OS",http://en.wikipedia.org/wiki/BlackBerry_OS,"BlackBerry Ltd",http://www.blackberry.com/,rim_os.png,Smartphone,phone.png,/list-of-ua/device-detail?device=Smartphone
"Mozilla/5.0 (BlackBerry; U; BlackBerry 9930; en-US) AppleWebKit/534.11+ (KHTML, like Gecko) Version/7.1.0.163 Mobile Safari/534.11+",1113,"Mobile Browser","BlackBerry Browser","BlackBerry Browser",unknown,http://www.blackberry.com/,"Research In Motion Limited",http://www.rim.com/,blackberry.png,"BlackBerry OS","BlackBerry OS",http://en.wikipedia.org/wiki/BlackBerry_OS,"BlackBerry Ltd",http://www.blackberry.com/,rim_os.png,Smartphone,phone.png,http://user-agent-string.info/list-of-ua/device-detail?device=Smartphone
"Mozilla/5.0 (BlackBerry; U; BlackBerry 9800; en-US) AppleWebKit/534.8+ (KHTML, like Gecko) Version/6.0.0.600 Mobile Safari/534.8+",924,"Mobile Browser","BlackBerry Browser","BlackBerry Browser",unknown,http://www.blackberry.com/,"Research In Motion Limited",http://www.rim.com/,blackberry.png,"BlackBerry OS","BlackBerry OS",http://en.wikipedia.org/wiki/BlackBerry_OS,"BlackBerry Ltd",http://www.blackberry.com/,rim_os.png,Smartphone,phone.png,http://user-agent-string.info/list-of-ua/device-detail?device=Smartphone
"Mozilla/5.0 (iPad; U; CPU OS 3_2_2 like Mac OS X; en-us) AppleWebKit/531.21.10 (KHTML, like Gecko) Version/4.0.4 Mobile/7B500 Safari/531.21.10",835,"Mobile Browser","Mobile Safari","Mobile Safari 4.0.4",4.0.4,http://en.wikipedia.org/wiki/Safari_%28web_browser%29,"Apple Inc.",http://www.apple.com/,safari.png,iOS,iOS,http://en.wikipedia.org/wiki/IOS,"Apple Inc.",http://www.apple.com/,iphone.png,Tablet,tablet.png,/list-of-ua/device-detail?device=Tablet
"Mozilla/5.0 (BlackBerry; U; BlackBerry 9650; en-US) AppleWebKit/534.8+ (KHTML, like Gecko) Version/6.0.0.719 Mobile Safari/534.8+",726,"Mobile Browser","BlackBerry Browser","BlackBerry Browser",unknown,http://www.blackberry.com/,"Research In Motion Limited",http://www.rim.com/,blackberry.png,"BlackBerry OS","BlackBerry OS",http://en.wikipedia.org/wiki/BlackBerry_OS,"BlackBerry Ltd",http://www.blackberry.com/,rim_os.png,Smartphone,phone.png,http://user-agent-string.info/list-of-ua/device-detail?device=Smartphone
"BlackBerry8530/5.0.0.973 Profile/MIDP-2.1 Configuration/CLDC-1.1 VendorID/105",680,"Mobile Browser","BlackBerry Browser","BlackBerry Browser",unknown,http://www.blackberry.com/,"Research In Motion Limited",http://www.rim.com/,blackberry.png,"BlackBerry OS","BlackBerry OS",http://en.wikipedia.org/wiki/BlackBerry_OS,"BlackBerry Ltd",http://www.blackberry.com/,rim_os.png,Smartphone,phone.png,/list-of-ua/device-detail?device=Smartphone
"BlackBerry9630/5.0.0.975 Profile/MIDP-2.1 Configuration/CLDC-1.1 VendorID/105",559,"Mobile Browser","BlackBerry Browser","BlackBerry Browser",unknown,http://www.blackberry.com/,"Research In Motion Limited",http://www.rim.com/,blackberry.png,"BlackBerry OS","BlackBerry OS",http://en.wikipedia.org/wiki/BlackBerry_OS,"BlackBerry Ltd",http://www.blackberry.com/,rim_os.png,Smartphone,phone.png,/list-of-ua/device-detail?device=Smartphone
"Mozilla/5.0 (BlackBerry; U; BlackBerry 9330; en-US) AppleWebKit/534.8+ (KHTML, like Gecko) Version/6.0.0.719 Mobile Safari/534.8+",512,"Mobile Browser","BlackBerry Browser","BlackBerry Browser",unknown,http://www.blackberry.com/,"Research In Motion Limited",http://www.rim.com/,blackberry.png,"BlackBerry OS","BlackBerry OS",http://en.wikipedia.org/wiki/BlackBerry_OS,"BlackBerry Ltd",http://www.blackberry.com/,rim_os.png,Smartphone,phone.png,http://user-agent-string.info/list-of-ua/device-detail?device=Smartphone
"Mozilla/5.0 (compatible; MSIE 9.0; Windows Phone OS 7.5; Trident/5.0; IEMobile/9.0; SAMSUNG; SGH-i917)",502,"Mobile Browser","IE Mobile","IE Mobile 9.0",9.0,http://www.microsoft.com/windowsmobile/en-us/downloads/microsoft/internet-explorer-mobile.mspx,"Microsoft Corporation.",http://www.microsoft.com/,iemobile.png,Windows,"Windows Phone 7",http://en.wikipedia.org/wiki/Windows_Phone_7,"Microsoft Corporation.",http://www.microsoft.com/,windowsMobile.png,Smartphone,phone.png,http://user-agent-string.info/list-of-ua/device-detail?device=Smartphone
"Mozilla/5.0 (iPad; U; CPU OS 3_2 like Mac OS X; en-us) AppleWebKit/531.21.10 (KHTML, like Gecko) Version/4.0.4 Mobile/7B367 Safari/531.21.10",497,"Mobile Browser","Mobile Safari","Mobile Safari 4.0.4",4.0.4,http://en.wikipedia.org/wiki/Safari_%28web_browser%29,"Apple Inc.",http://www.apple.com/,safari.png,iOS,iOS,http://en.wikipedia.org/wiki/IOS,"Apple Inc.",http://www.apple.com/,iphone.png,Tablet,tablet.png,/list-of-ua/device-detail?device=Tablet
"BlackBerry9300/5.0.0.955 Profile/MIDP-2.1 Configuration/CLDC-1.1 VendorID/102",458,"Mobile Browser","BlackBerry Browser","BlackBerry Browser",unknown,http://www.blackberry.com/,"Research In Motion Limited",http://www.rim.com/,blackberry.png,"BlackBerry OS","BlackBerry OS",http://en.wikipedia.org/wiki/BlackBerry_OS,"BlackBerry Ltd",http://www.blackberry.com/,rim_os.png,Smartphone,phone.png,/list-of-ua/device-detail?device=Smartphone
"BlackBerry9650/5.0.0.1006 Profile/MIDP-2.1 Configuration/CLDC-1.1 VendorID/105",391,"Mobile Browser","BlackBerry Browser","BlackBerry Browser",unknown,http://www.blackberry.com/,"Research In Motion Limited",http://www.rim.com/,blackberry.png,"BlackBerry OS","BlackBerry OS",http://en.wikipedia.org/wiki/BlackBerry_OS,"BlackBerry Ltd",http://www.blackberry.com/,rim_os.png,Smartphone,phone.png,/list-of-ua/device-detail?device=Smartphone
"Mozilla/5.0 (compatible; MSIE 9.0; Windows Phone OS 7.5; Trident/5.0; IEMobile/9.0; NOKIA; Lumia 900)",378,"Mobile Browser","IE Mobile","IE Mobile 9.0",9.0,http://www.microsoft.com/windowsmobile/en-us/downloads/microsoft/internet-explorer-mobile.mspx,"Microsoft Corporation.",http://www.microsoft.com/,iemobile.png,Windows,"Windows Phone 7",http://en.wikipedia.org/wiki/Windows_Phone_7,"Microsoft Corporation.",http://www.microsoft.com/,windowsMobile.png,Smartphone,phone.png,http://user-agent-string.info/list-of-ua/device-detail?device=Smartphone
"BlackBerry9550/5.0.0.1015 Profile/MIDP-2.1 Configuration/CLDC-1.1 VendorID/105",362,"Mobile Browser","BlackBerry Browser","BlackBerry Browser",unknown,http://www.blackberry.com/,"Research In Motion Limited",http://www.rim.com/,blackberry.png,"BlackBerry OS","BlackBerry OS",http://en.wikipedia.org/wiki/BlackBerry_OS,"BlackBerry Ltd",http://www.blackberry.com/,rim_os.png,Smartphone,phone.png,/list-of-ua/device-detail?device=Smartphone
"Mozilla/5.0 (BlackBerry; U; BlackBerry 9810; en-US) AppleWebKit/534.11+ (KHTML, like Gecko) Version/7.0.0.261 Mobile Safari/534.11+",361,"Mobile Browser","BlackBerry Browser","BlackBerry Browser",unknown,http://www.blackberry.com/,"Research In Motion Limited",http://www.rim.com/,blackberry.png,"BlackBerry OS","BlackBerry OS",http://en.wikipedia.org/wiki/BlackBerry_OS,"BlackBerry Ltd",http://www.blackberry.com/,rim_os.png,Smartphone,phone.png,http://user-agent-string.info/list-of-ua/device-detail?device=Smartphone
"Mozilla/5.0 (BlackBerry; U; BlackBerry 9780; en-US) AppleWebKit/534.8+ (KHTML, like Gecko) Version/6.0.0.448 Mobile Safari/534.8+",354,"Mobile Browser","BlackBerry Browser","BlackBerry Browser",unknown,http://www.blackberry.com/,"Research In Motion Limited",http://www.rim.com/,blackberry.png,"BlackBerry OS","BlackBerry OS",http://en.wikipedia.org/wiki/BlackBerry_OS,"BlackBerry Ltd",http://www.blackberry.com/,rim_os.png,Smartphone,phone.png,http://user-agent-string.info/list-of-ua/device-detail?device=Smartphone
"Mozilla/5.0 (BlackBerry; U; BlackBerry 9800; en-US) AppleWebKit/534.1+ (KHTML, like Gecko) Version/6.0.0.246 Mobile Safari/534.1+",336,"Mobile Browser","BlackBerry Browser","BlackBerry Browser",unknown,http://www.blackberry.com/,"Research In Motion Limited",http://www.rim.com/,blackberry.png,"BlackBerry OS","BlackBerry OS",http://en.wikipedia.org/wiki/BlackBerry_OS,"BlackBerry Ltd",http://www.blackberry.com/,rim_os.png,Smartphone,phone.png,http://user-agent-string.info/list-of-ua/device-detail?device=Smartphone
"Mozilla/5.0 (BlackBerry; U; BlackBerry 9650; en-US) AppleWebKit/534.8+ (KHTML, like Gecko) Version/6.0.0.524 Mobile Safari/534.8+",325,"Mobile Browser","BlackBerry Browser","BlackBerry Browser",unknown,http://www.blackberry.com/,"Research In Motion Limited",http://www.rim.com/,blackberry.png,"BlackBerry OS","BlackBerry OS",http://en.wikipedia.org/wiki/BlackBerry_OS,"BlackBerry Ltd",http://www.blackberry.com/,rim_os.png,Smartphone,phone.png,http://user-agent-string.info/list-of-ua/device-detail?device=Smartphone
"BlackBerry9650/5.0.0.732 Profile/MIDP-2.1 Configuration/CLDC-1.1 VendorID/105",305,"Mobile Browser","BlackBerry Browser","BlackBerry Browser",unknown,http://www.blackberry.com/,"Research In Motion Limited",http://www.rim.com/,blackberry.png,"BlackBerry OS","BlackBerry OS",http://en.wikipedia.org/wiki/BlackBerry_OS,"BlackBerry Ltd",http://www.blackberry.com/,rim_os.png,Smartphone,phone.png,/list-of-ua/device-detail?device=Smartphone
"Mozilla/5.0 (BlackBerry; U; BlackBerry 9650; en-US) AppleWebKit/534.1+ (KHTML, like Gecko) Version/6.0.0.431 Mobile Safari/534.1+",285,"Mobile Browser","BlackBerry Browser","BlackBerry Browser",unknown,http://www.blackberry.com/,"Research In Motion Limited",http://www.rim.com/,blackberry.png,"BlackBerry OS","BlackBerry OS",http://en.wikipedia.org/wiki/BlackBerry_OS,"BlackBerry Ltd",http://www.blackberry.com/,rim_os.png,Smartphone,phone.png,http://user-agent-string.info/list-of-ua/device-detail?device=Smartphone
"Mozilla/5.0 (iPad; CPU OS 5_1_1 like Mac OS X) AppleWebKit/534.46 (KHTML, like Gecko) Version/5.1 Mobile/9B206 Safari/7534.48.3",284,"Mobile Browser","Mobile Safari","Mobile Safari 5.1",5.1,http://en.wikipedia.org/wiki/Safari_%28web_browser%29,"Apple Inc.",http://www.apple.com/,safari.png,iOS,"iOS 5",http://en.wikipedia.org/wiki/IOS_5,"Apple Inc.",http://www.apple.com/,iphone.png,Tablet,tablet.png,/list-of-ua/device-detail?device=Tablet
"Mozilla/5.0 (BlackBerry; U; BlackBerry 9900; en-US) AppleWebKit/534.11+ (KHTML, like Gecko) Version/7.0.0.576 Mobile Safari/534.11+",279,"Mobile Browser","BlackBerry Browser","BlackBerry Browser",unknown,http://www.blackberry.com/,"Research In Motion Limited",http://www.rim.com/,blackberry.png,"BlackBerry OS","BlackBerry OS",http://en.wikipedia.org/wiki/BlackBerry_OS,"BlackBerry Ltd",http://www.blackberry.com/,rim_os.png,Smartphone,phone.png,http://user-agent-string.info/list-of-ua/device-detail?device=Smartphone
"Mozilla/5.0 (BlackBerry; U; BlackBerry 9700; en-US) AppleWebKit/534.8+ (KHTML, like Gecko) Version/6.0.0.526 Mobile Safari/534.8+",267,"Mobile Browser","BlackBerry Browser","BlackBerry Browser",unknown,http://www.blackberry.com/,"Research In Motion Limited",http://www.rim.com/,blackberry.png,"BlackBerry OS","BlackBerry OS",http://en.wikipedia.org/wiki/BlackBerry_OS,"BlackBerry Ltd",http://www.blackberry.com/,rim_os.png,Smartphone,phone.png,http://user-agent-string.info/list-of-ua/device-detail?device=Smartphone
"Mozilla/5.0 (BlackBerry; U; BlackBerry 9300; en-US) AppleWebKit/534.8+ (KHTML, like Gecko) Version/6.0.0.526 Mobile Safari/534.8+",258,"Mobile Browser","BlackBerry Browser","BlackBerry Browser",unknown,http://www.blackberry.com/,"Research In Motion Limited",http://www.rim.com/,blackberry.png,"BlackBerry OS","BlackBerry OS",http://en.wikipedia.org/wiki/BlackBerry_OS,"BlackBerry Ltd",http://www.blackberry.com/,rim_os.png,Smartphone,phone.png,http://user-agent-string.info/list-of-ua/device-detail?device=Smartphone
"BlackBerry9700/5.0.0.979 Profile/MIDP-2.1 Configuration/CLDC-1.1 VendorID/102",254,"Mobile Browser","BlackBerry Browser","BlackBerry Browser",unknown,http://www.blackberry.com/,"Research In Motion Limited",http://www.rim.com/,blackberry.png,"BlackBerry OS","BlackBerry OS",http://en.wikipedia.org/wiki/BlackBerry_OS,"BlackBerry Ltd",http://www.blackberry.com/,rim_os.png,Smartphone,phone.png,/list-of-ua/device-detail?device=Smartphone
"BlackBerry9700/5.0.0.714 Profile/MIDP-2.1 Configuration/CLDC-1.1 VendorID/100",226,"Mobile Browser","BlackBerry Browser","BlackBerry Browser",unknown,http://www.blackberry.com/,"Research In Motion Limited",http://www.rim.com/,blackberry.png,"BlackBerry OS","BlackBerry OS",http://en.wikipedia.org/wiki/BlackBerry_OS,"BlackBerry Ltd",http://www.blackberry.com/,rim_os.png,Smartphone,phone.png,/list-of-ua/device-detail?device=Smartphone
"BlackBerry9650/5.0.0.975 Profile/MIDP-2.1 Configuration/CLDC-1.1 VendorID/105",221,"Mobile Browser","BlackBerry Browser","BlackBerry Browser",unknown,http://www.blackberry.com/,"Research In Motion Limited",http://www.rim.com/,blackberry.png,"BlackBerry OS","BlackBerry OS",http://en.wikipedia.org/wiki/BlackBerry_OS,"BlackBerry Ltd",http://www.blackberry.com/,rim_os.png,Smartphone,phone.png,/list-of-ua/device-detail?device=Smartphone
"BlackBerry9700/5.0.0.405 Profile/MIDP-2.1 Configuration/CLDC-1.1 VendorID/102",200,"Mobile Browser","BlackBerry Browser","BlackBerry Browser",unknown,http://www.blackberry.com/,"Research In Motion Limited",http://www.rim.com/,blackberry.png,"BlackBerry OS","BlackBerry OS",http://en.wikipedia.org/wiki/BlackBerry_OS,"BlackBerry Ltd",http://www.blackberry.com/,rim_os.png,Smartphone,phone.png,/list-of-ua/device-detail?device=Smartphone
"Mozilla/5.0 (BlackBerry; U; BlackBerry 9330; en-US) AppleWebKit/534.8+ (KHTML, like Gecko) Version/6.0.0.524 Mobile Safari/534.8+",197,"Mobile Browser","BlackBerry Browser","BlackBerry Browser",unknown,http://www.blackberry.com/,"Research In Motion Limited",http://www.rim.com/,blackberry.png,"BlackBerry OS","BlackBerry OS",http://en.wikipedia.org/wiki/BlackBerry_OS,"BlackBerry Ltd",http://www.blackberry.com/,rim_os.png,Smartphone,phone.png,http://user-agent-string.info/list-of-ua/device-detail?device=Smartphone
"Mozilla/5.0 (BlackBerry; U; BlackBerry 9900; en-US) AppleWebKit/534.11+ (KHTML, like Gecko) Version/7.1.0.284 Mobile Safari/534.11+",194,"Mobile Browser","BlackBerry Browser","BlackBerry Browser",unknown,http://www.blackberry.com/,"Research In Motion Limited",http://www.rim.com/,blackberry.png,"BlackBerry OS","BlackBerry OS",http://en.wikipedia.org/wiki/BlackBerry_OS,"BlackBerry Ltd",http://www.blackberry.com/,rim_os.png,Smartphone,phone.png,http://user-agent-string.info/list-of-ua/device-detail?device=Smartphone
"Mozilla/5.0 (BlackBerry; U; BlackBerry 9810; en-US) AppleWebKit/534.11+ (KHTML, like Gecko) Version/7.0.0.583 Mobile Safari/534.11+",193,"Mobile Browser","BlackBerry Browser","BlackBerry Browser",unknown,http://www.blackberry.com/,"Research In Motion Limited",http://www.rim.com/,blackberry.png,"BlackBerry OS","BlackBerry OS",http://en.wikipedia.org/wiki/BlackBerry_OS,"BlackBerry Ltd",http://www.blackberry.com/,rim_os.png,Smartphone,phone.png,http://user-agent-string.info/list-of-ua/device-detail?device=Smartphone
"Mozilla/5.0 (compatible; MSIE 9.0; Windows Phone OS 7.5; Trident/5.0; IEMobile/9.0; HTC; mwp6985)",193,"Mobile Browser","IE Mobile","IE Mobile 9.0",9.0,http://www.microsoft.com/windowsmobile/en-us/downloads/microsoft/internet-explorer-mobile.mspx,"Microsoft Corporation.",http://www.microsoft.com/,iemobile.png,Windows,"Windows Phone 7",http://en.wikipedia.org/wiki/Windows_Phone_7,"Microsoft Corporation.",http://www.microsoft.com/,windowsMobile.png,Smartphone,phone.png,http://user-agent-string.info/list-of-ua/device-detail?device=Smartphone
"Mozilla/5.0 (iPad; U; CPU OS 3_2_1 like Mac OS X; en-us) AppleWebKit/531.21.10 (KHTML, like Gecko) Version/4.0.4 Mobile/7B405 Safari/531.21.10",193,"Mobile Browser","Mobile Safari","Mobile Safari 4.0.4",4.0.4,http://en.wikipedia.org/wiki/Safari_%28web_browser%29,"Apple Inc.",http://www.apple.com/,safari.png,iOS,iOS,http://en.wikipedia.org/wiki/IOS,"Apple Inc.",http://www.apple.com/,iphone.png,Tablet,tablet.png,/list-of-ua/device-detail?device=Tablet
"BlackBerry8530/5.0.0.1030 Profile/MIDP-2.1 Configuration/CLDC-1.1 VendorID/104",189,"Mobile Browser","BlackBerry Browser","BlackBerry Browser",unknown,http://www.blackberry.com/,"Research In Motion Limited",http://www.rim.com/,blackberry.png,"BlackBerry OS","BlackBerry OS",http://en.wikipedia.org/wiki/BlackBerry_OS,"BlackBerry Ltd",http://www.blackberry.com/,rim_os.png,Smartphone,phone.png,/list-of-ua/device-detail?device=Smartphone
"BlackBerry9700/5.0.0.602 Profile/MIDP-2.1 Configuration/CLDC-1.1 VendorID/102",188,"Mobile Browser","BlackBerry Browser","BlackBerry Browser",unknown,http://www.blackberry.com/,"Research In Motion Limited",http://www.rim.com/,blackberry.png,"BlackBerry OS","BlackBerry OS",http://en.wikipedia.org/wiki/BlackBerry_OS,"BlackBerry Ltd",http://www.blackberry.com/,rim_os.png,Smartphone,phone.png,/list-of-ua/device-detail?device=Smartphone
"Mozilla/5.0 (BlackBerry; U; BlackBerry 9800; en-US) AppleWebKit/534.8+ (KHTML, like Gecko) Version/6.0.0.526 Mobile Safari/534.8+",178,"Mobile Browser","BlackBerry Browser","BlackBerry Browser",unknown,http://www.blackberry.com/,"Research In Motion Limited",http://www.rim.com/,blackberry.png,"BlackBerry OS","BlackBerry OS",http://en.wikipedia.org/wiki/BlackBerry_OS,"BlackBerry Ltd",http://www.blackberry.com/,rim_os.png,Smartphone,phone.png,http://user-agent-string.info/list-of-ua/device-detail?device=Smartphone
"Mozilla/5.0 (BlackBerry; U; BlackBerry 9930; en-US) AppleWebKit/534.11+ (KHTML, like Gecko) Version/7.0.0.254 Mobile Safari/534.11+",167,"Mobile Browser","BlackBerry Browser","BlackBerry Browser",unknown,http://www.blackberry.com/,"Research In Motion Limited",http://www.rim.com/,blackberry.png,"BlackBerry OS","BlackBerry OS",http://en.wikipedia.org/wiki/BlackBerry_OS,"BlackBerry Ltd",http://www.blackberry.com/,rim_os.png,Smartphone,phone.png,http://user-agent-string.info/list-of-ua/device-detail?device=Smartphone
"Mozilla/5.0 (BlackBerry; U; BlackBerry 9850; en-US) AppleWebKit/534.11+ (KHTML, like Gecko) Version/7.1.0.163 Mobile Safari/534.11+",162,"Mobile Browser","BlackBerry Browser","BlackBerry Browser",unknown,http://www.blackberry.com/,"Research In Motion Limited",http://www.rim.com/,blackberry.png,"BlackBerry OS","BlackBerry OS",http://en.wikipedia.org/wiki/BlackBerry_OS,"BlackBerry Ltd",http://www.blackberry.com/,rim_os.png,Smartphone,phone.png,http://user-agent-string.info/list-of-ua/device-detail?device=Smartphone
"Mozilla/5.0 (BlackBerry; U; BlackBerry 9330; en-US) AppleWebKit/534.1+ (KHTML, like Gecko) Version/6.0.0.431 Mobile Safari/534.1+",150,"Mobile Browser","BlackBerry Browser","BlackBerry Browser",unknown,http://www.blackberry.com/,"Research In Motion Limited",http://www.rim.com/,blackberry.png,"BlackBerry OS","BlackBerry OS",http://en.wikipedia.org/wiki/BlackBerry_OS,"BlackBerry Ltd",http://www.blackberry.com/,rim_os.png,Smartphone,phone.png,http://user-agent-string.info/list-of-ua/device-detail?device=Smartphone
"Mozilla/5.0 (compatible; MSIE 9.0; Windows Phone OS 7.5; Trident/5.0; IEMobile/9.0; HTC; Radar 4G)",146,"Mobile Browser","IE Mobile","IE Mobile 9.0",9.0,http://www.microsoft.com/windowsmobile/en-us/downloads/microsoft/internet-explorer-mobile.mspx,"Microsoft Corporation.",http://www.microsoft.com/,iemobile.png,Windows,"Windows Phone 7",http://en.wikipedia.org/wiki/Windows_Phone_7,"Microsoft Corporation.",http://www.microsoft.com/,windowsMobile.png,Smartphone,phone.png,http://user-agent-string.info/list-of-ua/device-detail?device=Smartphone
"Mozilla/5.0 (BlackBerry; U; BlackBerry 9670; en-US) AppleWebKit/534.8+ (KHTML, like Gecko) Version/6.0.0.706 Mobile Safari/534.8+",144,"Mobile Browser","BlackBerry Browser","BlackBerry Browser",unknown,http://www.blackberry.com/,"Research In Motion Limited",http://www.rim.com/,blackberry.png,"BlackBerry OS","BlackBerry OS",http://en.wikipedia.org/wiki/BlackBerry_OS,"BlackBerry Ltd",http://www.blackberry.com/,rim_os.png,Smartphone,phone.png,http://user-agent-string.info/list-of-ua/device-detail?device=Smartphone
"Mozilla/5.0 (BlackBerry; U; BlackBerry 9300; en-US) AppleWebKit/534.8+ (KHTML, like Gecko) Version/6.0.0.448 Mobile Safari/534.8+",142,"Mobile Browser","BlackBerry Browser","BlackBerry Browser",unknown,http://www.blackberry.com/,"Research In Motion Limited",http://www.rim.com/,blackberry.png,"BlackBerry OS","BlackBerry OS",http://en.wikipedia.org/wiki/BlackBerry_OS,"BlackBerry Ltd",http://www.blackberry.com/,rim_os.png,Smartphone,phone.png,http://user-agent-string.info/list-of-ua/device-detail?device=Smartphone
"NetFront/3.5.1 (BREW 5.0.1.2; U; en-us; LG; NetFront/3.5.1/AMB) Sprint LN510 MMP/2.0 Profile/MIDP-2.1 Configuration/CLDC-1.1",142,"Mobile Browser",NetFront,"NetFront 3.5.1",3.5.1,http://www.access-company.com/,"ACCESS CO.,LTD",http://www.access-company.com/,netfront.png,JVM,"JVM (Platform Micro Edition)","http://en.wikipedia.org/wiki/Java_Platform,_Micro_Edition","Sun Microsystems, Inc.",http://en.wikipedia.org/wiki/Sun_Microsystems,java.png,Smartphone,phone.png,http://user-agent-string.info/list-of-ua/device-detail?device=Smartphone
"Mozilla/5.0 (BlackBerry; U; BlackBerry 9930; en-US) AppleWebKit/534.11+ (KHTML, like Gecko) Version/7.0.0.374 Mobile Safari/534.11+",140,"Mobile Browser","BlackBerry Browser","BlackBerry Browser",unknown,http://www.blackberry.com/,"Research In Motion Limited",http://www.rim.com/,blackberry.png,"BlackBerry OS","BlackBerry OS",http://en.wikipedia.org/wiki/BlackBerry_OS,"BlackBerry Ltd",http://www.blackberry.com/,rim_os.png,Smartphone,phone.png,http://user-agent-string.info/list-of-ua/device-detail?device=Smartphone
"Mozilla/5.0 (BlackBerry; U; BlackBerry 9700; en-US) AppleWebKit/534.8+ (KHTML, like Gecko) Version/6.0.0.448 Mobile Safari/534.8+",137,"Mobile Browser","BlackBerry Browser","BlackBerry Browser",unknown,http://www.blackberry.com/,"Research In Motion Limited",http://www.rim.com/,blackberry.png,"BlackBerry OS","BlackBerry OS",http://en.wikipedia.org/wiki/BlackBerry_OS,"BlackBerry Ltd",http://www.blackberry.com/,rim_os.png,Smartphone,phone.png,http://user-agent-string.info/list-of-ua/device-detail?device=Smartphone
"BlackBerry8520/4.6.1.314 Profile/MIDP-2.0 Configuration/CLDC-1.1 VendorID/102",134,"Mobile Browser","BlackBerry Browser","BlackBerry Browser",unknown,http://www.blackberry.com/,"Research In Motion Limited",http://www.rim.com/,blackberry.png,"BlackBerry OS","BlackBerry OS",http://en.wikipedia.org/wiki/BlackBerry_OS,"BlackBerry Ltd",http://www.blackberry.com/,rim_os.png,Smartphone,phone.png,/list-of-ua/device-detail?device=Smartphone
"Mozilla/5.0 (compatible; Teleca Q7; Brew 3.1.5; U; en) 320X240 LGE VX9200",132,unknown,unknown,unknown,unknown,unknown,unknown,unknown,unknown.png,unknown,unknown,unknown,unknown,unknown,unknown.png,"Personal computer",desktop.png,"http://user-agent-string.info/list-of-ua/device-detail?device=Personal computer"
"Mozilla/5.0 (BlackBerry; U; BlackBerry 9330; en-US) AppleWebKit/534.1+ (KHTML, like Gecko) Version/6.0.0.415 Mobile Safari/534.1+",131,"Mobile Browser","BlackBerry Browser","BlackBerry Browser",unknown,http://www.blackberry.com/,"Research In Motion Limited",http://www.rim.com/,blackberry.png,"BlackBerry OS","BlackBerry OS",http://en.wikipedia.org/wiki/BlackBerry_OS,"BlackBerry Ltd",http://www.blackberry.com/,rim_os.png,Smartphone,phone.png,http://user-agent-string.info/list-of-ua/device-detail?device=Smartphone
"BlackBerry9630/5.0.0.591 Profile/MIDP-2.1 Configuration/CLDC-1.1 VendorID/105",129,"Mobile Browser","BlackBerry Browser","BlackBerry Browser",unknown,http://www.blackberry.com/,"Research In Motion Limited",http://www.rim.com/,blackberry.png,"BlackBerry OS","BlackBerry OS",http://en.wikipedia.org/wiki/BlackBerry_OS,"BlackBerry Ltd",http://www.blackberry.com/,rim_os.png,Smartphone,phone.png,/list-of-ua/device-detail?device=Smartphone
"LGE-MN240/1.0 UP.Browser/6.2.3.8 (GUI) MMP/2.0",129,"Mobile Browser","Openwave Mobile Browser","Openwave Mobile Browser 6.2.3.8",6.2.3.8,http://www.openwave.com/,"Openwave Systems Inc.",http://www.openwave.com/,openwave.png,unknown,unknown,unknown,unknown,unknown,unknown.png,Smartphone,phone.png,http://user-agent-string.info/list-of-ua/device-detail?device=Smartphone
"BlackBerry9330/5.0.0.857 Profile/MIDP-2.1 Configuration/CLDC-1.1 VendorID/105",128,"Mobile Browser","BlackBerry Browser","BlackBerry Browser",unknown,http://www.blackberry.com/,"Research In Motion Limited",http://www.rim.com/,blackberry.png,"BlackBerry OS","BlackBerry OS",http://en.wikipedia.org/wiki/BlackBerry_OS,"BlackBerry Ltd",http://www.blackberry.com/,rim_os.png,Smartphone,phone.png,/list-of-ua/device-detail?device=Smartphone
"Mozilla/5.0 (BlackBerry; U; BlackBerry 9300; en-US) AppleWebKit/534.8+ (KHTML, like Gecko) Version/6.0.0.668 Mobile Safari/534.8+",127,"Mobile Browser","BlackBerry Browser","BlackBerry Browser",unknown,http://www.blackberry.com/,"Research In Motion Limited",http://www.rim.com/,blackberry.png,"BlackBerry OS","BlackBerry OS",http://en.wikipedia.org/wiki/BlackBerry_OS,"BlackBerry Ltd",http://www.blackberry.com/,rim_os.png,Smartphone,phone.png,http://user-agent-string.info/list-of-ua/device-detail?device=Smartphone
"Mozilla/4.0 (compatible; MSIE 6.0; Windows NT 5.1; mediacenter; STB; 560x384; MSNTV 5.6; THMDR)",126,Browser,IE,"IE 6.0",6.0,http://en.wikipedia.org/wiki/Internet_Explorer,"Microsoft Corporation.",http://www.microsoft.com/,msie.png,Windows,"Windows XP",http://en.wikipedia.org/wiki/Windows_XP,"Microsoft Corporation.",http://www.microsoft.com/,windowsxp.png,"Personal computer",desktop.png,"http://user-agent-string.info/list-of-ua/device-detail?device=Personal computer"
"Mozilla/5.0 (compatible; MSIE 9.0; Windows Phone OS 7.5; Trident/5.0; IEMobile/9.0; HTC; HD7)",118,"Mobile Browser","IE Mobile","IE Mobile 9.0",9.0,http://www.microsoft.com/windowsmobile/en-us/downloads/microsoft/internet-explorer-mobile.mspx,"Microsoft Corporation.",http://www.microsoft.com/,iemobile.png,Windows,"Windows Phone 7",http://en.wikipedia.org/wiki/Windows_Phone_7,"Microsoft Corporation.",http://www.microsoft.com/,windowsMobile.png,Smartphone,phone.png,http://user-agent-string.info/list-of-ua/device-detail?device=Smartphone
"BlackBerry8330/4.5.0.77 Profile/MIDP-2.0 Configuration/CLDC-1.1 VendorID/105",116,"Mobile Browser","BlackBerry Browser","BlackBerry Browser",unknown,http://www.blackberry.com/,"Research In Motion Limited",http://www.rim.com/,blackberry.png,"BlackBerry OS","BlackBerry OS",http://en.wikipedia.org/wiki/BlackBerry_OS,"BlackBerry Ltd",http://www.blackberry.com/,rim_os.png,Smartphone,phone.png,/list-of-ua/device-detail?device=Smartphone
"BlackBerry8520/4.6.1.259 Profile/MIDP-2.0 Configuration/CLDC-1.1 VendorID/100",113,"Mobile Browser","BlackBerry Browser","BlackBerry Browser",unknown,http://www.blackberry.com/,"Research In Motion Limited",http://www.rim.com/,blackberry.png,"BlackBerry OS","BlackBerry OS",http://en.wikipedia.org/wiki/BlackBerry_OS,"BlackBerry Ltd",http://www.blackberry.com/,rim_os.png,Smartphone,phone.png,/list-of-ua/device-detail?device=Smartphone
"Mozilla/5.0 (BlackBerry; U; BlackBerry 9360; en-US) AppleWebKit/534.11+ (KHTML, like Gecko) Version/7.0.0.319 Mobile Safari/534.11+",111,"Mobile Browser","BlackBerry Browser","BlackBerry Browser",unknown,http://www.blackberry.com/,"Research In Motion Limited",http://www.rim.com/,blackberry.png,"BlackBerry OS","BlackBerry OS",http://en.wikipedia.org/wiki/BlackBerry_OS,"BlackBerry Ltd",http://www.blackberry.com/,rim_os.png,Smartphone,phone.png,http://user-agent-string.info/list-of-ua/device-detail?device=Smartphone
"BlackBerry9000/5.0.0.1067 Profile/MIDP-2.1 Configuration/CLDC-1.1 VendorID/102",110,"Mobile Browser","BlackBerry Browser","BlackBerry Browser",unknown,http://www.blackberry.com/,"Research In Motion Limited",http://www.rim.com/,blackberry.png,"BlackBerry OS","BlackBerry OS",http://en.wikipedia.org/wiki/BlackBerry_OS,"BlackBerry Ltd",http://www.blackberry.com/,rim_os.png,Smartphone,phone.png,/list-of-ua/device-detail?device=Smartphone
"Mozilla/5.0 (Macintosh; U; Intel Mac OS X 10_6_3; en-us) AppleWebKit/533.16 (KHTML, like Gecko) Version/5.0 Safari/533.16",109,Browser,Safari,"Safari 5.0",5.0,http://en.wikipedia.org/wiki/Safari_%28web_browser%29,"Apple Inc.",http://www.apple.com/,safari.png,"OS X","OS X 10.6 Snow Leopard",http://en.wikipedia.org/wiki/Mac_OS_X_Snow_Leopard,"Apple Computer, Inc.",http://www.apple.com/,macosx.png,"Personal computer",desktop.png,"http://user-agent-string.info/list-of-ua/device-detail?device=Personal computer"
"BlackBerry9630/4.7.1.61 Profile/MIDP-2.0 Configuration/CLDC-1.1 VendorID/105",108,"Mobile Browser","BlackBerry Browser","BlackBerry Browser",unknown,http://www.blackberry.com/,"Research In Motion Limited",http://www.rim.com/,blackberry.png,"BlackBerry OS","BlackBerry OS",http://en.wikipedia.org/wiki/BlackBerry_OS,"BlackBerry Ltd",http://www.blackberry.com/,rim_os.png,Smartphone,phone.png,/list-of-ua/device-detail?device=Smartphone
"BlackBerry8310/4.5.0.110 Profile/MIDP-2.0 Configuration/CLDC-1.1 VendorID/102",104,"Mobile Browser","BlackBerry Browser","BlackBerry Browser",unknown,http://www.blackberry.com/,"Research In Motion Limited",http://www.rim.com/,blackberry.png,"BlackBerry OS","BlackBerry OS",http://en.wikipedia.org/wiki/BlackBerry_OS,"BlackBerry Ltd",http://www.blackberry.com/,rim_os.png,Smartphone,phone.png,/list-of-ua/device-detail?device=Smartphone
"BlackBerry8520/5.0.0.900 Profile/MIDP-2.1 Configuration/CLDC-1.1 VendorID/100",104,"Mobile Browser","BlackBerry Browser","BlackBerry Browser",unknown,http://www.blackberry.com/,"Research In Motion Limited",http://www.rim.com/,blackberry.png,"BlackBerry OS","BlackBerry OS",http://en.wikipedia.org/wiki/BlackBerry_OS,"BlackBerry Ltd",http://www.blackberry.com/,rim_os.png,Smartphone,phone.png,/list-of-ua/device-detail?device=Smartphone
"Mozilla/5.0 (BlackBerry; U; BlackBerry 9650; en-US) AppleWebKit/534.1+ (KHTML, like Gecko) Version/6.0.0.415 Mobile Safari/534.1+",98,"Mobile Browser","BlackBerry Browser","BlackBerry Browser",unknown,http://www.blackberry.com/,"Research In Motion Limited",http://www.rim.com/,blackberry.png,"BlackBerry OS","BlackBerry OS",http://en.wikipedia.org/wiki/BlackBerry_OS,"BlackBerry Ltd",http://www.blackberry.com/,rim_os.png,Smartphone,phone.png,http://user-agent-string.info/list-of-ua/device-detail?device=Smartphone
"Mozilla/5.0 (BlackBerry; U; BlackBerry 9930; en-US) AppleWebKit/534.11+ (KHTML, like Gecko) Version/7.1.0.267 Mobile Safari/534.11+",98,"Mobile Browser","BlackBerry Browser","BlackBerry Browser",unknown,http://www.blackberry.com/,"Research In Motion Limited",http://www.rim.com/,blackberry.png,"BlackBerry OS","BlackBerry OS",http://en.wikipedia.org/wiki/BlackBerry_OS,"BlackBerry Ltd",http://www.blackberry.com/,rim_os.png,Smartphone,phone.png,http://user-agent-string.info/list-of-ua/device-detail?device=Smartphone
"BlackBerry9650/5.0.0.699 Profile/MIDP-2.1 Configuration/CLDC-1.1 VendorID/104",96,"Mobile Browser","BlackBerry Browser","BlackBerry Browser",unknown,http://www.blackberry.com/,"Research In Motion Limited",http://www.rim.com/,blackberry.png,"BlackBerry OS","BlackBerry OS",http://en.wikipedia.org/wiki/BlackBerry_OS,"BlackBerry Ltd",http://www.blackberry.com/,rim_os.png,Smartphone,phone.png,/list-of-ua/device-detail?device=Smartphone
"BlackBerry8330m/4.5.0.186 Profile/MIDP-2.0 Configuration/CLDC-1.1 VendorID/104",95,"Mobile Browser","BlackBerry Browser","BlackBerry Browser",unknown,http://www.blackberry.com/,"Research In Motion Limited",http://www.rim.com/,blackberry.png,"BlackBerry OS","BlackBerry OS",http://en.wikipedia.org/wiki/BlackBerry_OS,"BlackBerry Ltd",http://www.blackberry.com/,rim_os.png,Smartphone,phone.png,/list-of-ua/device-detail?device=Smartphone
"BlackBerry9530/5.0.0.328 Profile/MIDP-2.1 Configuration/CLDC-1.1 VendorID/105",95,"Mobile Browser","BlackBerry Browser","BlackBerry Browser",unknown,http://www.blackberry.com/,"Research In Motion Limited",http://www.rim.com/,blackberry.png,"BlackBerry OS","BlackBerry OS",http://en.wikipedia.org/wiki/BlackBerry_OS,"BlackBerry Ltd",http://www.blackberry.com/,rim_os.png,Smartphone,phone.png,/list-of-ua/device-detail?device=Smartphone
"BlackBerry9630/5.0.0.1030 Profile/MIDP-2.1 Configuration/CLDC-1.1 VendorID/104",94,"Mobile Browser","BlackBerry Browser","BlackBerry Browser",unknown,http://www.blackberry.com/,"Research In Motion Limited",http://www.rim.com/,blackberry.png,"BlackBerry OS","BlackBerry OS",http://en.wikipedia.org/wiki/BlackBerry_OS,"BlackBerry Ltd",http://www.blackberry.com/,rim_os.png,Smartphone,phone.png,/list-of-ua/device-detail?device=Smartphone
"BlackBerry8530/5.0.0.508 Profile/MIDP-2.1 Configuration/CLDC-1.1 VendorID/105",93,"Mobile Browser","BlackBerry Browser","BlackBerry Browser",unknown,http://www.blackberry.com/,"Research In Motion Limited",http://www.rim.com/,blackberry.png,"BlackBerry OS","BlackBerry OS",http://en.wikipedia.org/wiki/BlackBerry_OS,"BlackBerry Ltd",http://www.blackberry.com/,rim_os.png,Smartphone,phone.png,/list-of-ua/device-detail?device=Smartphone
"BlackBerry8530/5.0.0.654 Profile/MIDP-2.1 Configuration/CLDC-1.1 VendorID/104",93,"Mobile Browser","BlackBerry Browser","BlackBerry Browser",unknown,http://www.blackberry.com/,"Research In Motion Limited",http://www.rim.com/,blackberry.png,"BlackBerry OS","BlackBerry OS",http://en.wikipedia.org/wiki/BlackBerry_OS,"BlackBerry Ltd",http://www.blackberry.com/,rim_os.png,Smartphone,phone.png,/list-of-ua/device-detail?device=Smartphone
"BlackBerry9630/5.0.0.732 Profile/MIDP-2.1 Configuration/CLDC-1.1 VendorID/105",90,"Mobile Browser","BlackBerry Browser","BlackBerry Browser",unknown,http://www.blackberry.com/,"Research In Motion Limited",http://www.rim.com/,blackberry.png,"BlackBerry OS","BlackBerry OS",http://en.wikipedia.org/wiki/BlackBerry_OS,"BlackBerry Ltd",http://www.blackberry.com/,rim_os.png,Smartphone,phone.png,/list-of-ua/device-detail?device=Smartphone
"Mozilla/4.0 (compatible; MSIE 7.0; Windows Phone OS 7.0; Trident/3.1; IEMobile/7.0; SAMSUNG; SGH-i917)",90,"Mobile Browser","IE Mobile","IE Mobile 7.0",7.0,http://www.microsoft.com/windowsmobile/en-us/downloads/microsoft/internet-explorer-mobile.mspx,"Microsoft Corporation.",http://www.microsoft.com/,iemobile.png,Windows,"Windows Phone 7",http://en.wikipedia.org/wiki/Windows_Phone_7,"Microsoft Corporation.",http://www.microsoft.com/,windowsMobile.png,Smartphone,phone.png,http://user-agent-string.info/list-of-ua/device-detail?device=Smartphone
"Mozilla/5.0 (BlackBerry; U; BlackBerry 9900; en-US) AppleWebKit/534.11+ (KHTML, like Gecko) Version/7.0.0.440 Mobile Safari/534.11+",88,"Mobile Browser","BlackBerry Browser","BlackBerry Browser",unknown,http://www.blackberry.com/,"Research In Motion Limited",http://www.rim.com/,blackberry.png,"BlackBerry OS","BlackBerry OS",http://en.wikipedia.org/wiki/BlackBerry_OS,"BlackBerry Ltd",http://www.blackberry.com/,rim_os.png,Smartphone,phone.png,http://user-agent-string.info/list-of-ua/device-detail?device=Smartphone
"Mozilla/5.0 (compatible; MSIE 9.0; Windows Phone OS 7.5; Trident/5.0; IEMobile/9.0; NOKIA; Lumia 710)",87,"Mobile Browser","IE Mobile","IE Mobile 9.0",9.0,http://www.microsoft.com/windowsmobile/en-us/downloads/microsoft/internet-explorer-mobile.mspx,"Microsoft Corporation.",http://www.microsoft.com/,iemobile.png,Windows,"Windows Phone 7",http://en.wikipedia.org/wiki/Windows_Phone_7,"Microsoft Corporation.",http://www.microsoft.com/,windowsMobile.png,Smartphone,phone.png,http://user-agent-string.info/list-of-ua/device-detail?device=Smartphone
"Mozilla/4.0 WebTV/2.6 (compatible; MSIE 4.0)",86,Browser,IE,"IE 4.0",4.0,http://en.wikipedia.org/wiki/Internet_Explorer,"Microsoft Corporation.",http://www.microsoft.com/,msie.png,Windows,"MSN TV (WebTV)",http://en.wikipedia.org/wiki/MSN_TV,"Microsoft Corporation.",http://www.microsoft.com/,webtv.png,"Smart TV",smarttv.png,"/list-of-ua/device-detail?device=Smart TV"
"Mozilla/5.0 (BlackBerry; U; BlackBerry 9650; en-US) AppleWebKit/534.8+ (KHTML, like Gecko) Version/6.0.0.706 Mobile Safari/534.8+",85,"Mobile Browser","BlackBerry Browser","BlackBerry Browser",unknown,http://www.blackberry.com/,"Research In Motion Limited",http://www.rim.com/,blackberry.png,"BlackBerry OS","BlackBerry OS",http://en.wikipedia.org/wiki/BlackBerry_OS,"BlackBerry Ltd",http://www.blackberry.com/,rim_os.png,Smartphone,phone.png,http://user-agent-string.info/list-of-ua/device-detail?device=Smartphone
"BlackBerry9330/5.0.0.913 Profile/MIDP-2.1 Configuration/CLDC-1.1 VendorID/104",84,"Mobile Browser","BlackBerry Browser","BlackBerry Browser",unknown,http://www.blackberry.com/,"Research In Motion Limited",http://www.rim.com/,blackberry.png,"BlackBerry OS","BlackBerry OS",http://en.wikipedia.org/wiki/BlackBerry_OS,"BlackBerry Ltd",http://www.blackberry.com/,rim_os.png,Smartphone,phone.png,/list-of-ua/device-detail?device=Smartphone
"Mozilla/5.0 (BlackBerry; U; BlackBerry 9700; en-US) AppleWebKit/534.8+ (KHTML, like Gecko) Version/6.0.0.668 Mobile Safari/534.8+",84,"Mobile Browser","BlackBerry Browser","BlackBerry Browser",unknown,http://www.blackberry.com/,"Research In Motion Limited",http://www.rim.com/,blackberry.png,"BlackBerry OS","BlackBerry OS",http://en.wikipedia.org/wiki/BlackBerry_OS,"BlackBerry Ltd",http://www.blackberry.com/,rim_os.png,Smartphone,phone.png,http://user-agent-string.info/list-of-ua/device-detail?device=Smartphone
"Mozilla/5.0 (Macintosh; U; Intel Mac OS X 10_6_3; en-us; Silk/1.0.22.79_10013310) AppleWebKit/533.16 (KHTML, like Gecko) Version/5.0 Safari/533.16 Silk-Accelerated=true",84,"Mobile Browser",Silk,"Silk 1.0.22.79",1.0.22.79,http://amazonsilk.wordpress.com/,"Amazon.com, Inc.",http://www.amazon.com/,amazon_silk.png,"OS X","OS X 10.6 Snow Leopard",http://en.wikipedia.org/wiki/Mac_OS_X_Snow_Leopard,"Apple Computer, Inc.",http://www.apple.com/,macosx.png,Tablet,tablet.png,/list-of-ua/device-detail?device=Tablet
"LGE-VN150/1.0 UP.Browser/6.2.3.2 (GUI) MMP/2.0",83,"Mobile Browser","Openwave Mobile Browser","Openwave Mobile Browser 6.2.3.2",6.2.3.2,http://www.openwave.com/,"Openwave Systems Inc.",http://www.openwave.com/,openwave.png,unknown,unknown,unknown,unknown,unknown,unknown.png,Smartphone,phone.png,http://user-agent-string.info/list-of-ua/device-detail?device=Smartphone
"Mozilla/5.0 (BlackBerry; U; BlackBerry 9330; en-US) AppleWebKit/534.8+ (KHTML, like Gecko) Version/6.0.0.706 Mobile Safari/534.8+",83,"Mobile Browser","BlackBerry Browser","BlackBerry Browser",unknown,http://www.blackberry.com/,"Research In Motion Limited",http://www.rim.com/,blackberry.png,"BlackBerry OS","BlackBerry OS",http://en.wikipedia.org/wiki/BlackBerry_OS,"BlackBerry Ltd",http://www.blackberry.com/,rim_os.png,Smartphone,phone.png,http://user-agent-string.info/list-of-ua/device-detail?device=Smartphone
"Mozilla/5.0 (BlackBerry; U; BlackBerry 9350; en-US) AppleWebKit/534.11+ (KHTML, like Gecko) Version/7.0.0.261 Mobile Safari/534.11+",83,"Mobile Browser","BlackBerry Browser","BlackBerry Browser",unknown,http://www.blackberry.com/,"Research In Motion Limited",http://www.rim.com/,blackberry.png,"BlackBerry OS","BlackBerry OS",http://en.wikipedia.org/wiki/BlackBerry_OS,"BlackBerry Ltd",http://www.blackberry.com/,rim_os.png,Smartphone,phone.png,http://user-agent-string.info/list-of-ua/device-detail?device=Smartphone
"BlackBerry9300/5.0.0.846 Profile/MIDP-2.1 Configuration/CLDC-1.1 VendorID/100",82,"Mobile Browser","BlackBerry Browser","BlackBerry Browser",unknown,http://www.blackberry.com/,"Research In Motion Limited",http://www.rim.com/,blackberry.png,"BlackBerry OS","BlackBerry OS",http://en.wikipedia.org/wiki/BlackBerry_OS,"BlackBerry Ltd",http://www.blackberry.com/,rim_os.png,Smartphone,phone.png,/list-of-ua/device-detail?device=Smartphone
"BlackBerry8530/5.0.0.973 Profile/MIDP-2.1 Configuration/CLDC-1.1 VendorID/315",81,"Mobile Browser","BlackBerry Browser","BlackBerry Browser",unknown,http://www.blackberry.com/,"Research In Motion Limited",http://www.rim.com/,blackberry.png,"BlackBerry OS","BlackBerry OS",http://en.wikipedia.org/wiki/BlackBerry_OS,"BlackBerry Ltd",http://www.blackberry.com/,rim_os.png,Smartphone,phone.png,/list-of-ua/device-detail?device=Smartphone
"BlackBerry9000/4.6.0.304 Profile/MIDP-2.0 Configuration/CLDC-1.1 VendorID/102",81,"Mobile Browser","BlackBerry Browser","BlackBerry Browser",unknown,http://www.blackberry.com/,"Research In Motion Limited",http://www.rim.com/,blackberry.png,"BlackBerry OS","BlackBerry OS",http://en.wikipedia.org/wiki/BlackBerry_OS,"BlackBerry Ltd",http://www.blackberry.com/,rim_os.png,Smartphone,phone.png,/list-of-ua/device-detail?device=Smartphone
"BlackBerry8320/4.5.0.81 Profile/MIDP-2.0 Configuration/CLDC-1.1 VendorID/100",80,"Mobile Browser","BlackBerry Browser","BlackBerry Browser",unknown,http://www.blackberry.com/,"Research In Motion Limited",http://www.rim.com/,blackberry.png,"BlackBerry OS","BlackBerry OS",http://en.wikipedia.org/wiki/BlackBerry_OS,"BlackBerry Ltd",http://www.blackberry.com/,rim_os.png,Smartphone,phone.png,/list-of-ua/device-detail?device=Smartphone
"Mozilla/5.0 (BlackBerry; U; BlackBerry 9370; en-US) AppleWebKit/534.11+ (KHTML, like Gecko) Version/7.0.0.374 Mobile Safari/534.11+",79,"Mobile Browser","BlackBerry Browser","BlackBerry Browser",unknown,http://www.blackberry.com/,"Research In Motion Limited",http://www.rim.com/,blackberry.png,"BlackBerry OS","BlackBerry OS",http://en.wikipedia.org/wiki/BlackBerry_OS,"BlackBerry Ltd",http://www.blackberry.com/,rim_os.png,Smartphone,phone.png,http://user-agent-string.info/list-of-ua/device-detail?device=Smartphone
"BlackBerry8310/4.5.0.182 Profile/MIDP-2.0 Configuration/CLDC-1.1 VendorID/102",78,"Mobile Browser","BlackBerry Browser","BlackBerry Browser",unknown,http://www.blackberry.com/,"Research In Motion Limited",http://www.rim.com/,blackberry.png,"BlackBerry OS","BlackBerry OS",http://en.wikipedia.org/wiki/BlackBerry_OS,"BlackBerry Ltd",http://www.blackberry.com/,rim_os.png,Smartphone,phone.png,/list-of-ua/device-detail?device=Smartphone
"Mozilla/5.0 (BlackBerry; U; BlackBerry 9780; en-US) AppleWebKit/534.1+ (KHTML, like Gecko) Version/6.0.0.285 Mobile Safari/534.1+",74,"Mobile Browser","BlackBerry Browser","BlackBerry Browser",unknown,http://www.blackberry.com/,"Research In Motion Limited",http://www.rim.com/,blackberry.png,"BlackBerry OS","BlackBerry OS",http://en.wikipedia.org/wiki/BlackBerry_OS,"BlackBerry Ltd",http://www.blackberry.com/,rim_os.png,Smartphone,phone.png,http://user-agent-string.info/list-of-ua/device-detail?device=Smartphone
"Mozilla/5.0 (webOS/1.4.5; U; en-US) AppleWebKit/532.2 (KHTML, like Gecko) Version/1.0 Safari/532.2 Pre/1.0",74,"Mobile Browser","Palm Pre web browser","Palm Pre web browser 1.0",1.0,http://www.palm.com/us/products/phones/pre/index.html,"Palm Inc.",http://www.palm.com/,palmpre.png,webOS,webOS,http://en.wikipedia.org/wiki/WebOS,Hewlett-Packard,"http://en.wikipedia.org/wiki/Palm,_Inc.",webos.png,Smartphone,phone.png,http://user-agent-string.info/list-of-ua/device-detail?device=Smartphone
"Mozilla/5.0 (webOS/1.4.5.1; U; en-US) AppleWebKit/532.2 (KHTML, like Gecko) Version/1.0 Safari/532.2 Pre/1.1",72,"Mobile Browser","Palm Pre web browser","Palm Pre web browser 1.1",1.1,http://www.palm.com/us/products/phones/pre/index.html,"Palm Inc.",http://www.palm.com/,palmpre.png,webOS,webOS,http://en.wikipedia.org/wiki/WebOS,Hewlett-Packard,"http://en.wikipedia.org/wiki/Palm,_Inc.",webos.png,Smartphone,phone.png,http://user-agent-string.info/list-of-ua/device-detail?device=Smartphone
"BlackBerry8350i/5.0.0.1051 Profile/MIDP-2.1 Configuration/CLDC-1.1 VendorID/103",70,"Mobile Browser","BlackBerry Browser","BlackBerry Browser",unknown,http://www.blackberry.com/,"Research In Motion Limited",http://www.rim.com/,blackberry.png,"BlackBerry OS","BlackBerry OS",http://en.wikipedia.org/wiki/BlackBerry_OS,"BlackBerry Ltd",http://www.blackberry.com/,rim_os.png,Smartphone,phone.png,/list-of-ua/device-detail?device=Smartphone
"BlackBerry8830/4.2.2 Profile/MIDP-2.0 Configuration/CLDC-1.1 VendorID/105",70,"Mobile Browser","BlackBerry Browser","BlackBerry Browser",unknown,http://www.blackberry.com/,"Research In Motion Limited",http://www.rim.com/,blackberry.png,"BlackBerry OS","BlackBerry OS",http://en.wikipedia.org/wiki/BlackBerry_OS,"BlackBerry Ltd",http://www.blackberry.com/,rim_os.png,Smartphone,phone.png,/list-of-ua/device-detail?device=Smartphone
"BlackBerry8530/5.0.0.337 Profile/MIDP-2.1 Configuration/CLDC-1.1 VendorID/105",69,"Mobile Browser","BlackBerry Browser","BlackBerry Browser",unknown,http://www.blackberry.com/,"Research In Motion Limited",http://www.rim.com/,blackberry.png,"BlackBerry OS","BlackBerry OS",http://en.wikipedia.org/wiki/BlackBerry_OS,"BlackBerry Ltd",http://www.blackberry.com/,rim_os.png,Smartphone,phone.png,/list-of-ua/device-detail?device=Smartphone
"BlackBerry8530/5.0.0.459 Profile/MIDP-2.1 Configuration/CLDC-1.1 VendorID/104",67,"Mobile Browser","BlackBerry Browser","BlackBerry Browser",unknown,http://www.blackberry.com/,"Research In Motion Limited",http://www.rim.com/,blackberry.png,"BlackBerry OS","BlackBerry OS",http://en.wikipedia.org/wiki/BlackBerry_OS,"BlackBerry Ltd",http://www.blackberry.com/,rim_os.png,Smartphone,phone.png,/list-of-ua/device-detail?device=Smartphone
"BlackBerry8530/5.0.0.601 Profile/MIDP-2.1 Configuration/CLDC-1.1 VendorID/417",67,"Mobile Browser","BlackBerry Browser","BlackBerry Browser",unknown,http://www.blackberry.com/,"Research In Motion Limited",http://www.rim.com/,blackberry.png,"BlackBerry OS","BlackBerry OS",http://en.wikipedia.org/wiki/BlackBerry_OS,"BlackBerry Ltd",http://www.blackberry.com/,rim_os.png,Smartphone,phone.png,/list-of-ua/device-detail?device=Smartphone
"Mozilla/4.0 (compatible; MSIE 7.0; Windows Phone OS 7.0; Trident/3.1; IEMobile/7.0; HTC; HD7)",67,"Mobile Browser","IE Mobile","IE Mobile 7.0",7.0,http://www.microsoft.com/windowsmobile/en-us/downloads/microsoft/internet-explorer-mobile.mspx,"Microsoft Corporation.",http://www.microsoft.com/,iemobile.png,Windows,"Windows Phone 7",http://en.wikipedia.org/wiki/Windows_Phone_7,"Microsoft Corporation.",http://www.microsoft.com/,windowsMobile.png,Smartphone,phone.png,http://user-agent-string.info/list-of-ua/device-detail?device=Smartphone
"BlackBerry8330/4.5.0.175 Profile/MIDP-2.0 Configuration/CLDC-1.1 VendorID/105",66,"Mobile Browser","BlackBerry Browser","BlackBerry Browser",unknown,http://www.blackberry.com/,"Research In Motion Limited",http://www.rim.com/,blackberry.png,"BlackBerry OS","BlackBerry OS",http://en.wikipedia.org/wiki/BlackBerry_OS,"BlackBerry Ltd",http://www.blackberry.com/,rim_os.png,Smartphone,phone.png,/list-of-ua/device-detail?device=Smartphone
"BlackBerry8530/5.0.0.886 Profile/MIDP-2.1 Configuration/CLDC-1.1 VendorID/105",65,"Mobile Browser","BlackBerry Browser","BlackBerry Browser",unknown,http://www.blackberry.com/,"Research In Motion Limited",http://www.rim.com/,blackberry.png,"BlackBerry OS","BlackBerry OS",http://en.wikipedia.org/wiki/BlackBerry_OS,"BlackBerry Ltd",http://www.blackberry.com/,rim_os.png,Smartphone,phone.png,/list-of-ua/device-detail?device=Smartphone
"Mozilla/5.0 (compatible; MSIE 9.0; Windows Phone OS 7.5; Trident/5.0; IEMobile/9.0; SAMSUNG; SGH-i937)",65,"Mobile Browser","IE Mobile","IE Mobile 9.0",9.0,http://www.microsoft.com/windowsmobile/en-us/downloads/microsoft/internet-explorer-mobile.mspx,"Microsoft Corporation.",http://www.microsoft.com/,iemobile.png,Windows,"Windows Phone 7",http://en.wikipedia.org/wiki/Windows_Phone_7,"Microsoft Corporation.",http://www.microsoft.com/,windowsMobile.png,Smartphone,phone.png,http://user-agent-string.info/list-of-ua/device-detail?device=Smartphone
"Mozilla/5.0 (compatible; MSIE 9.0; Windows NT 6.1; Trident/5.0; XBLWP7; ZuneWP7)",64,"Mobile Browser","IE Mobile","IE Mobile 9.0",9.0,http://www.microsoft.com/windowsmobile/en-us/downloads/microsoft/internet-explorer-mobile.mspx,"Microsoft Corporation.",http://www.microsoft.com/,iemobile.png,Windows,"Windows Phone 7",http://en.wikipedia.org/wiki/Windows_Phone_7,"Microsoft Corporation.",http://www.microsoft.com/,windowsMobile.png,Smartphone,phone.png,http://user-agent-string.info/list-of-ua/device-detail?device=Smartphone
"BlackBerry8530/5.0.0.734 Profile/MIDP-2.1 Configuration/CLDC-1.1 VendorID/105",62,"Mobile Browser","BlackBerry Browser","BlackBerry Browser",unknown,http://www.blackberry.com/,"Research In Motion Limited",http://www.rim.com/,blackberry.png,"BlackBerry OS","BlackBerry OS",http://en.wikipedia.org/wiki/BlackBerry_OS,"BlackBerry Ltd",http://www.blackberry.com/,rim_os.png,Smartphone,phone.png,/list-of-ua/device-detail?device=Smartphone
"sam-r360 UP.Browser/6.2.3.8 (GUI) MMP/2.0",61,"Mobile Browser","Openwave Mobile Browser","Openwave Mobile Browser 6.2.3.8",6.2.3.8,http://www.openwave.com/,"Openwave Systems Inc.",http://www.openwave.com/,openwave.png,unknown,unknown,unknown,unknown,unknown,unknown.png,Smartphone,phone.png,http://user-agent-string.info/list-of-ua/device-detail?device=Smartphone
"MOT-A-AA/00.04 UP.Browser/7.2.7.2.542f (GUI) MMP/2.0 Push/PO UP.Link/5.1.2.17",60,"Mobile Browser","Openwave Mobile Browser","Openwave Mobile Browser 7.2.7.2.542f",7.2.7.2.542f,http://www.openwave.com/,"Openwave Systems Inc.",http://www.openwave.com/,openwave.png,unknown,unknown,unknown,unknown,unknown,unknown.png,Smartphone,phone.png,http://user-agent-string.info/list-of-ua/device-detail?device=Smartphone
"Mozilla/5.0 (BlackBerry; U; BlackBerry 9360; en-US) AppleWebKit/534.11+ (KHTML, like Gecko) Version/7.0.0.464 Mobile Safari/534.11+",60,"Mobile Browser","BlackBerry Browser","BlackBerry Browser",unknown,http://www.blackberry.com/,"Research In Motion Limited",http://www.rim.com/,blackberry.png,"BlackBerry OS","BlackBerry OS",http://en.wikipedia.org/wiki/BlackBerry_OS,"BlackBerry Ltd",http://www.blackberry.com/,rim_os.png,Smartphone,phone.png,http://user-agent-string.info/list-of-ua/device-detail?device=Smartphone
"Mozilla/4.0 (compatible; MSIE 6.0; Windows CE; IEMobile 8.12; MSIEMobile6.0) Sprint T7380",59,"Mobile Browser","IE Mobile","IE Mobile 8.12",8.12,http://www.microsoft.com/windowsmobile/en-us/downloads/microsoft/internet-explorer-mobile.mspx,"Microsoft Corporation.",http://www.microsoft.com/,iemobile.png,Windows,"Windows CE",http://en.wikipedia.org/wiki/Windows_CE,"Microsoft Corporation.",http://www.microsoft.com/,windowsce.png,Smartphone,phone.png,http://user-agent-string.info/list-of-ua/device-detail?device=Smartphone
"SCH-U350/1.0 NetFront/3.0.22.2.18 (GUI) MMP/2.0",59,"Mobile Browser",NetFront,"NetFront 3.0.22.2.18",3.0.22.2.18,http://www.access-company.com/,"ACCESS CO.,LTD",http://www.access-company.com/,netfront.png,unknown,unknown,unknown,unknown,unknown,unknown.png,Smartphone,phone.png,http://user-agent-string.info/list-of-ua/device-detail?device=Smartphone
"BlackBerry9630/4.7.1.40 Profile/MIDP-2.0 Configuration/CLDC-1.1 VendorID/105",58,"Mobile Browser","BlackBerry Browser","BlackBerry Browser",unknown,http://www.blackberry.com/,"Research In Motion Limited",http://www.rim.com/,blackberry.png,"BlackBerry OS","BlackBerry OS",http://en.wikipedia.org/wiki/BlackBerry_OS,"BlackBerry Ltd",http://www.blackberry.com/,rim_os.png,Smartphone,phone.png,/list-of-ua/device-detail?device=Smartphone
"LGE-VX5600/1.0 UP.Browser/6.2.3.2 (GUI) MMP/2.0",58,"Mobile Browser","Openwave Mobile Browser","Openwave Mobile Browser 6.2.3.2",6.2.3.2,http://www.openwave.com/,"Openwave Systems Inc.",http://www.openwave.com/,openwave.png,unknown,unknown,unknown,unknown,unknown,unknown.png,Smartphone,phone.png,http://user-agent-string.info/list-of-ua/device-detail?device=Smartphone
"Mozilla/5.0 (Windows; U; Windows NT 5.1; rv:1.9.0.8) Gecko/2009032609 Firefox/3.0.8",58,Browser,Firefox,"Firefox 3.0.8",3.0.8,http://www.firefox.com/,"Mozilla Foundation",http://www.mozilla.org/,firefox.png,Windows,"Windows XP",http://en.wikipedia.org/wiki/Windows_XP,"Microsoft Corporation.",http://www.microsoft.com/,windowsxp.png,"Personal computer",desktop.png,"http://user-agent-string.info/list-of-ua/device-detail?device=Personal computer"
"sam-r350 UP.Browser/6.2.3.8 (GUI) MMP/2.0",58,"Mobile Browser","Openwave Mobile Browser","Openwave Mobile Browser 6.2.3.8",6.2.3.8,http://www.openwave.com/,"Openwave Systems Inc.",http://www.openwave.com/,openwave.png,unknown,unknown,unknown,unknown,unknown,unknown.png,Smartphone,phone.png,http://user-agent-string.info/list-of-ua/device-detail?device=Smartphone
"BlackBerry8530/5.0.0.654 Profile/MIDP-2.1 Configuration/CLDC-1.1 VendorID/389",56,"Mobile Browser","BlackBerry Browser","BlackBerry Browser",unknown,http://www.blackberry.com/,"Research In Motion Limited",http://www.rim.com/,blackberry.png,"BlackBerry OS","BlackBerry OS",http://en.wikipedia.org/wiki/BlackBerry_OS,"BlackBerry Ltd",http://www.blackberry.com/,rim_os.png,Smartphone,phone.png,/list-of-ua/device-detail?device=Smartphone
"BlackBerry8530/5.0.0.395 Profile/MIDP-2.1 Configuration/CLDC-1.1 VendorID/104",55,"Mobile Browser","BlackBerry Browser","BlackBerry Browser",unknown,http://www.blackberry.com/,"Research In Motion Limited",http://www.rim.com/,blackberry.png,"BlackBerry OS","BlackBerry OS",http://en.wikipedia.org/wiki/BlackBerry_OS,"BlackBerry Ltd",http://www.blackberry.com/,rim_os.png,Smartphone,phone.png,/list-of-ua/device-detail?device=Smartphone
"SAMSUNG-SGH-T359/T359UVJI2 SHP/VPP/R5 NetFront/3.5 SMM-MMS/1.2.0 profile/MIDP-2.1 configuration/CLDC-1.1",55,"Mobile Browser",NetFront,"NetFront 3.5",3.5,http://www.access-company.com/,"ACCESS CO.,LTD",http://www.access-company.com/,netfront.png,JVM,"JVM (Platform Micro Edition)","http://en.wikipedia.org/wiki/Java_Platform,_Micro_Edition","Sun Microsystems, Inc.",http://en.wikipedia.org/wiki/Sun_Microsystems,java.png,Smartphone,phone.png,http://user-agent-string.info/list-of-ua/device-detail?device=Smartphone
"Mozilla/5.0 (X11; Linux i686; U; en-US) Gecko/20081217 Vision-Browser/8.1 301x200 LG VN530",54,unknown,unknown,unknown,unknown,unknown,unknown,unknown,unknown.png,Linux,Linux,http://en.wikipedia.org/wiki/Linux,unknown,unknown,linux.png,"Personal computer",desktop.png,"http://user-agent-string.info/list-of-ua/device-detail?device=Personal computer"
"BlackBerry8330/4.5.0.191 Profile/MIDP-2.0 Configuration/CLDC-1.1 VendorID/105",53,"Mobile Browser","BlackBerry Browser","BlackBerry Browser",unknown,http://www.blackberry.com/,"Research In Motion Limited",http://www.rim.com/,blackberry.png,"BlackBerry OS","BlackBerry OS",http://en.wikipedia.org/wiki/BlackBerry_OS,"BlackBerry Ltd",http://www.blackberry.com/,rim_os.png,Smartphone,phone.png,/list-of-ua/device-detail?device=Smartphone
"Mozilla/4.0 (Brew MP 1.0.2; U; en-us; Kyocera; NetFront/4.1/AMB) Sprint E4255",53,"Mobile Browser",NetFront,"NetFront 4.1",4.1,http://www.access-company.com/,"ACCESS CO.,LTD",http://www.access-company.com/,netfront.png,unknown,unknown,unknown,unknown,unknown,unknown.png,Smartphone,phone.png,http://user-agent-string.info/list-of-ua/device-detail?device=Smartphone
"PantechP7040/JLUS04042011; Mozilla/5.0 (Profile/MIDP-2.0 Configuration/CLDC-1.1; Opera Mini/att/4.2.16479; U; en-US) Opera 9.50",53,Browser,Opera,"Opera 9.50",9.50,http://en.wikipedia.org/wiki/Opera_(browser),"Opera Software ASA.",http://www.opera.com/,opera.png,unknown,unknown,unknown,unknown,unknown,unknown.png,"Personal computer",desktop.png,"http://user-agent-string.info/list-of-ua/device-detail?device=Personal computer"
"Mozilla/5.0 (BREW; U; BREW 3.1.5; en) AppleWebKit/525.26 (KHTML, like Gecko) Polaris/7.0 Safari/525.26 480X800 LGE VX11000",52,"Mobile Browser",Polaris,"Polaris 7.0",7.0,http://www.infraware.co.kr/eng/01_product/product02.asp,Infraware,http://www.infraware.co.kr/,polaris.png,JVM,"JVM (Platform Micro Edition)","http://en.wikipedia.org/wiki/Java_Platform,_Micro_Edition","Sun Microsystems, Inc.",http://en.wikipedia.org/wiki/Sun_Microsystems,java.png,Smartphone,phone.png,http://user-agent-string.info/list-of-ua/device-detail?device=Smartphone
"SCH-U640/1.0 NetFront/3.0.22.1.19 (GUI) MMP/2.0",51,"Mobile Browser",NetFront,"NetFront 3.0.22.1.19",3.0.22.1.19,http://www.access-company.com/,"ACCESS CO.,LTD",http://www.access-company.com/,netfront.png,unknown,unknown,unknown,unknown,unknown,unknown.png,Smartphone,phone.png,http://user-agent-string.info/list-of-ua/device-detail?device=Smartphone
"Mozilla/5.0 (compatible; MSIE 9.0; Windows Phone OS 7.5; Trident/5.0; IEMobile/9.0; SAMSUNG; SGH-i677)",50,"Mobile Browser","IE Mobile","IE Mobile 9.0",9.0,http://www.microsoft.com/windowsmobile/en-us/downloads/microsoft/internet-explorer-mobile.mspx,"Microsoft Corporation.",http://www.microsoft.com/,iemobile.png,Windows,"Windows Phone 7",http://en.wikipedia.org/wiki/Windows_Phone_7,"Microsoft Corporation.",http://www.microsoft.com/,windowsMobile.png,Smartphone,phone.png,http://user-agent-string.info/list-of-ua/device-detail?device=Smartphone
"SAMSUNG-SGH-T404G NetFront/3.5 Profile/MIDP-2.0 Configuration/CLDC-1.1[TF353139042825926000000018453009621]",50,"Mobile Browser",NetFront,"NetFront 3.5",3.5,http://www.access-company.com/,"ACCESS CO.,LTD",http://www.access-company.com/,netfront.png,JVM,"JVM (Platform Micro Edition)","http://en.wikipedia.org/wiki/Java_Platform,_Micro_Edition","Sun Microsystems, Inc.",http://en.wikipedia.org/wiki/Sun_Microsystems,java.png,Smartphone,phone.png,http://user-agent-string.info/list-of-ua/device-detail?device=Smartphone
